id,label,ontology,uri,description
CDNA,cDNA / mRNA,,,Single-stranded DNA that is complementary to messenger RNA or DNA that has been synthesized from messenger RNA by reverse transcriptase/A class of RNA molecule containing protein-coding information in its nucleotide sequence that can be translated into the amino acid sequence of a protein. (NCI)
CELL_LINES,Cell lines,,,"Cells of a single type (human, animal, or plant) that have been adapted to grow continuously in the laboratory and are used in research. (NCI)"
DNA,DNA,,,A long linear double-stranded polymer formed from nucleotides attached to a deoxyribose backbone and found in the nucleus of a cell; associated with the transmission of genetic information. (NCI)
FECES,Feaces,,,"The material discharged from the bowel during defecation. It consists of undigested food, intestinal mucus, epithelial cells, and bacteria. (NCI)"
MICRO_RNA,microRNA,,,A type of RNA found in cells and in blood. MicroRNAs are smaller than many other types of RNA and can bind to messenger RNAs (mRNAs) to block them from making proteins. MicroRNAs are being studied in the diagnosis (NCI) and treatment of cancer.
NAV,Not available,,,Not available
OTHER,Other,,,"any other type of material taken from a biological entity, e.g. amniotic fluid,  cerebrospinal fluid, mitochondrial RNA,"
PATHOGEN,Pathogen,,,"A biological agent causing disease; a disease producer e.g. virus, bacterium, prion, other microorganism etc."
PERIPHERAL_BLOOD_CELLS,peripheral blood cells,,,"A general term describing the three cellular components of blood (white blood cells, red blood cells, and platelets), all which are made in the bone marrow. (Lymphoma Information Network Glossary)"
PLASMA,Plasma,,,"Plasma is the fluid (acellular) portion of the circulating blood, as distinguished from the serum that is the fluid portion of the blood obtained by removal of the fibrin clot and blood cells after coagulation. (NCI)"
RNA,RNA,,,"One of two types of nucleic acid made by cells. RNA contains information that has been copied from DNA (the other type of nucleic acid). Cells make several different forms of RNA, and each form has a specific job in the cell. Many forms of RNA have functions related to making proteins. RNA is also the genetic material of some viruses instead of DNA. RNA can be made in the laboratory and used in research studies. Also called ribonucleic acid."
SALIVA,Saliva,,,A clear liquid secreted into the mouth by the salivary glands and mucous glands of the mouth; moistens the mouth and starts the digestion of starches. (NCI)
SERUM,Serum,,,The clear portion of the blood that remains after the removal of the blood cells and the clotting proteins. (NCI)
TISSUE_PARAFFIN_EMBEDDED,Tissue (paraffin preserved),,,Tissue that is preserved and embedded in paraffin. (NCI)
URINE,Urine,,,The fluid that is excreted by the kidneys. It is stored in the bladder and discharged through the urethra. (NCI)
WHOLE_BLOOD,Whole Blood,,,Blood that has not been separated into its various components; blood that has not been modified except for the addition of an anticoagulant (NCI)
TISSUE_FROZEN,Tissue (frozen),,,"An anatomical structure consisting of similarly specialized cells and intercellular matrix, aggregated according to genetically determined spatial relationships, performing a specific function. (NCI), preserved by freezing in liquid nitrogen"