id,label,ontology,uri,description
R-FAB52,NECKCHEST,SNOMED CT,http://purl.bioontology.org/ontology/SNOMEDCT/417437006,Neck and Chest
R-FAB53,NECKCHESTABDOMEN,SNOMED CT,http://purl.bioontology.org/ontology/SNOMEDCT/416152001,Neck, Chest and Abdomen
R-FAB54,NECKCHESTABDPELV,SNOMED CT,http://purl.bioontology.org/ontology/SNOMEDCT/416319003,Neck, Chest, Abdomen and Pelvis
R-FAB55,CHESTABDOMEN,SNOMED CT,http://purl.bioontology.org/ontology/SNOMEDCT/416550000,Chest and Abdomen
R-FAB56,CHESTABDPELVIS,SNOMED CT,http://purl.bioontology.org/ontology/SNOMEDCT/416775004,Chest, Abdomen and Pelvis
R-FAB57,ABDOMENPELVIS,SNOMED CT,http://purl.bioontology.org/ontology/SNOMEDCT/416949008,Abdomen and Pelvis
T-04000,BREAST,SNOMED CT,http://purl.bioontology.org/ontology/SNOMEDCT/76752008,Breast
T-11100,SKULL,SNOMED CT,http://purl.bioontology.org/ontology/SNOMEDCT/89546000,Skull
T-11166,ZYGOMA,SNOMED CT,http://purl.bioontology.org/ontology/SNOMEDCT/13881006,Zygoma
T-11170,MAXILLA,SNOMED CT,http://purl.bioontology.org/ontology/SNOMEDCT/70925003,Maxilla
T-11210,STERNUM,SNOMED CT,http://purl.bioontology.org/ontology/SNOMEDCT/56873002,Sternum
T-11300,RIB,SNOMED CT,http://purl.bioontology.org/ontology/SNOMEDCT/113197003,Rib
T-11501,CSPINE,SNOMED CT,http://purl.bioontology.org/ontology/SNOMEDCT/122494005,Cervical spine
T-11502,TSPINE,SNOMED CT,http://purl.bioontology.org/ontology/SNOMEDCT/122495006,Thoracic spine
T-11503,LSPINE,SNOMED CT,http://purl.bioontology.org/ontology/SNOMEDCT/122496007,Lumbar spine
T-11AD0,SSPINE,SNOMED CT,http://purl.bioontology.org/ontology/SNOMEDCT/54735007,Sacrum
T-56000,ESOPHAGUS,SNOMED CT,http://purl.bioontology.org/ontology/SNOMEDCT/32849002,Esophagus
T-57000,STOMACH,SNOMED CT,http://purl.bioontology.org/ontology/SNOMEDCT/69695003,Stomach
T-58200,DUODENUM,SNOMED CT,http://purl.bioontology.org/ontology/SNOMEDCT/38848004,Duodenum
T-58400,JEJUNUM,SNOMED CT,http://purl.bioontology.org/ontology/SNOMEDCT/21306003,Jejunum
T-58600,ILEUM,SNOMED CT,http://purl.bioontology.org/ontology/SNOMEDCT/34516001,Ileum
T-59300,COLON,SNOMED CT,http://purl.bioontology.org/ontology/SNOMEDCT/71854001,Colon
T-59600,RECTUM,SNOMED CT,http://purl.bioontology.org/ontology/SNOMEDCT/34402009,Rectum
T-61100,PAROTID,SNOMED CT,http://purl.bioontology.org/ontology/SNOMEDCT/45289007,Parotid gland
T-61300,SUBMANDIBULAR,SNOMED CT,http://purl.bioontology.org/ontology/SNOMEDCT/54019009,Submandibular gland
T-62000,LIVER,SNOMED CT,http://purl.bioontology.org/ontology/SNOMEDCT/10200004,Liver
T-63000,GALLBLADER,SNOMED CT,http://purl.bioontology.org/ontology/SNOMEDCT/28231008,Gallbladder
T-65000,PANCREAS,SNOMED CT,http://purl.bioontology.org/ontology/SNOMEDCT/15776009,Pancreas
T-71000,KIDNEY,SNOMED CT,http://purl.bioontology.org/ontology/SNOMEDCT/64033007,Kidney
T-73000,URETER,SNOMED CT,http://purl.bioontology.org/ontology/SNOMEDCT/87953007,Ureter
T-74000,BLADDER,SNOMED CT,http://purl.bioontology.org/ontology/SNOMEDCT/89837001,Bladder
T-75000,URETHRA,SNOMED CT,http://purl.bioontology.org/ontology/SNOMEDCT/13648007,Urethra
T-81000,VULVA,SNOMED CT,http://purl.bioontology.org/ontology/SNOMEDCT/45292006,Vulva
T-82000,VAGINA,SNOMED CT,http://purl.bioontology.org/ontology/SNOMEDCT/76784001,Vagina
T-83000,UTERUS,SNOMED CT,http://purl.bioontology.org/ontology/SNOMEDCT/35039007,Uterus
T-83200,CERVIX,SNOMED CT,http://purl.bioontology.org/ontology/SNOMEDCT/71252005,Cervix
T-87000,OVARY,SNOMED CT,http://purl.bioontology.org/ontology/SNOMEDCT/15497006,Ovary
T-91000,PENIS,SNOMED CT,http://purl.bioontology.org/ontology/SNOMEDCT/18911002,Penis
T-9200B,PROSTATE,SNOMED CT,http://purl.bioontology.org/ontology/SNOMEDCT/181422007,Prostate
T-94000,TESTIS,SNOMED CT,http://purl.bioontology.org/ontology/SNOMEDCT/40689003,Testis
T-98000,SCROTUM,SNOMED CT,http://purl.bioontology.org/ontology/SNOMEDCT/20233005,Scrotum
T-A0100,BRAIN,SNOMED CT,http://purl.bioontology.org/ontology/SNOMEDCT/12738006,Brain
T-A6000,CEREBELLUM,SNOMED CT,http://purl.bioontology.org/ontology/SNOMEDCT/113305005,Cerebellum
T-AA000,EYE,SNOMED CT,http://purl.bioontology.org/ontology/SNOMEDCT/81745001,Eye
T-AA110,SCLERA,SNOMED CT,http://purl.bioontology.org/ontology/SNOMEDCT/18619003,Sclera
T-AA200,CORNEA,SNOMED CT,http://purl.bioontology.org/ontology/SNOMEDCT/28726007,Cornea
T-AA810,EYELID,SNOMED CT,http://purl.bioontology.org/ontology/SNOMEDCT/80243003,Eyelid
T-AB959,IAC,SNOMED CT,http://purl.bioontology.org/ontology/SNOMEDCT/361078006,Internal Auditory Canal
T-AB000,EAR,SNOMED CT,http://purl.bioontology.org/ontology/SNOMEDCT/1910005,Ear
T-11BF0,COCCYX,SNOMED CT,http://purl.bioontology.org/ontology/SNOMEDCT/64688005,Coccyx
T-12280,SCAPULA,SNOMED CT,http://purl.bioontology.org/ontology/SNOMEDCT/79601000,Scapula
T-12310,CLAVICLE,SNOMED CT,http://purl.bioontology.org/ontology/SNOMEDCT/51299004,Clavicle
T-12340,ILIUM,SNOMED CT,http://purl.bioontology.org/ontology/SNOMEDCT/22356005,Ilium
T-12403,RADIUSULNA,SNOMED CT,http://purl.bioontology.org/ontology/SNOMEDCT/110535000,Radius and ulna
T-12410,HUMERUS,SNOMED CT,http://purl.bioontology.org/ontology/SNOMEDCT/85050009,Humerus
T-12420,RADIUS,SNOMED CT,http://purl.bioontology.org/ontology/SNOMEDCT/62413002,Radius
T-12430,ULNA,SNOMED CT,http://purl.bioontology.org/ontology/SNOMEDCT/23416004,Ulna
T-12701,TIBIAFIBULA,SNOMED CT,http://purl.bioontology.org/ontology/SNOMEDCT/110536004,Tibia and fibula
T-12710,FEMUR,SNOMED CT,http://purl.bioontology.org/ontology/SNOMEDCT/71341001,Femur
T-12730,PATELLA,SNOMED CT,http://purl.bioontology.org/ontology/SNOMEDCT/64234005,Patella
T-12740,TIBIA,SNOMED CT,http://purl.bioontology.org/ontology/SNOMEDCT/12611008,Tibia
T-12770,CALCANEUS,SNOMED CT,http://purl.bioontology.org/ontology/SNOMEDCT/80144004,Calcaneus
T-15290,TMJ,SNOMED CT,http://purl.bioontology.org/ontology/SNOMEDCT/53620006,Temporomandibular joint
T-15430,ELBOW,SNOMED CT,http://purl.bioontology.org/ontology/SNOMEDCT/16953009,Elbow joint
T-15460,WRIST,SNOMED CT,http://purl.bioontology.org/ontology/SNOMEDCT/74670003,Wrist joint
T-15710,HIP,SNOMED CT,http://purl.bioontology.org/ontology/SNOMEDCT/24136001,Hip joint
T-15750,ANKLE,SNOMED CT,http://purl.bioontology.org/ontology/SNOMEDCT/70258002,Ankle joint
T-21000,NOSE,SNOMED CT,http://purl.bioontology.org/ontology/SNOMEDCT/45206002,Nose
T-24100,LARYNX,SNOMED CT,http://purl.bioontology.org/ontology/SNOMEDCT/4596009,Larynx
T-25000,TRACHEA,SNOMED CT,http://purl.bioontology.org/ontology/SNOMEDCT/44567001,Trachea
T-26000,BRONCHUS,SNOMED CT,http://purl.bioontology.org/ontology/SNOMEDCT/955009,Bronchus
T-28000,LUNG,SNOMED CT,http://purl.bioontology.org/ontology/SNOMEDCT/39607008,Lung
T-32000,HEART,SNOMED CT,http://purl.bioontology.org/ontology/SNOMEDCT/80891009,Heart
T-42000,AORTA,SNOMED CT,http://purl.bioontology.org/ontology/SNOMEDCT/15825003,Aorta
T-43000,CORONARYARTERY,SNOMED CT,http://purl.bioontology.org/ontology/SNOMEDCT/41801008,Coronary artery
T-45010,CAROTID,SNOMED CT,http://purl.bioontology.org/ontology/SNOMEDCT/69105007,Carotid Artery
T-45526,CIRCLEOFWILLIS,SNOMED CT,http://purl.bioontology.org/ontology/SNOMEDCT/362047009,Circle of Willis
T-51000,MOUTH,SNOMED CT,http://purl.bioontology.org/ontology/SNOMEDCT/21082005,Mouth
T-53000,TONGUE,SNOMED CT,http://purl.bioontology.org/ontology/SNOMEDCT/21974007,Tongue
T-55000,PHARYNX,SNOMED CT,http://purl.bioontology.org/ontology/SNOMEDCT/54066008,Pharynx
T-B3000,ADRENAL,SNOMED CT,http://purl.bioontology.org/ontology/SNOMEDCT/23451007,Adrenal gland
T-B6000,THYROID,SNOMED CT,http://purl.bioontology.org/ontology/SNOMEDCT/69748006,Thyroid
T-C3000,SPLEEN,SNOMED CT,http://purl.bioontology.org/ontology/SNOMEDCT/78961009,Spleen
T-C8000,THYMUS,SNOMED CT,http://purl.bioontology.org/ontology/SNOMEDCT/9875009,Thymus
T-D0010,WHOLEBODY,SNOMED CT,http://purl.bioontology.org/ontology/SNOMEDCT/38266002,Entire body
T-D00F7,CTSPINE,SNOMED CT,http://purl.bioontology.org/ontology/SNOMEDCT/297171002,Cervico-thoracic spine
T-D00F8,TLSPINE,SNOMED CT,http://purl.bioontology.org/ontology/SNOMEDCT/297172009,Thoraco-lumbar spine
T-D00F9,LSSPINE,SNOMED CT,http://purl.bioontology.org/ontology/SNOMEDCT/297173004,Lumbo-sacral spine
T-D0300,EXTREMITY,SNOMED CT,http://purl.bioontology.org/ontology/SNOMEDCT/66019005,Extremity
T-D04FF,SPINE,SNOMED CT,http://purl.bioontology.org/ontology/SNOMEDCT/421060004,Spine
T-D1000,HEADNECK,SNOMED CT,http://purl.bioontology.org/ontology/SNOMEDCT/774007,Head and Neck
T-D1100,HEAD,SNOMED CT,http://purl.bioontology.org/ontology/SNOMEDCT/69536005,Head
T-D1160,SCALP,SNOMED CT,http://purl.bioontology.org/ontology/SNOMEDCT/41695006,Scalp
T-D1200,FACE,SNOMED CT,http://purl.bioontology.org/ontology/SNOMEDCT/89545001,Face
T-D1206,CHEEK,SNOMED CT,http://purl.bioontology.org/ontology/SNOMEDCT/60819002,Cheek
T-D1213,JAW,SNOMED CT,http://purl.bioontology.org/ontology/SNOMEDCT/661005,Jaw region
T-D14AE,ORBIT,SNOMED CT,http://purl.bioontology.org/ontology/SNOMEDCT/363654007,Orbital structure
T-D1600,NECK,SNOMED CT,http://purl.bioontology.org/ontology/SNOMEDCT/45048000,Neck
T-D2100,BACK,SNOMED CT,http://purl.bioontology.org/ontology/SNOMEDCT/77568009,Back
T-D2220,SHOULDER,SNOMED CT,http://purl.bioontology.org/ontology/SNOMEDCT/16982005,Shoulder
T-D2600,BUTTOCK,SNOMED CT,http://purl.bioontology.org/ontology/SNOMEDCT/46862004,Buttock
T-D3000,CHEST,SNOMED CT,http://purl.bioontology.org/ontology/SNOMEDCT/51185008,Chest
T-D3300,MEDIASTINUM,SNOMED CT,http://purl.bioontology.org/ontology/SNOMEDCT/72410000,Mediastinum
T-D4000,ABDOMEN,SNOMED CT,http://purl.bioontology.org/ontology/SNOMEDCT/113345001,Abdomen
T-D6000,PELVIS,SNOMED CT,http://purl.bioontology.org/ontology/SNOMEDCT/12921003,Pelvis
T-D8104,AXILLA,SNOMED CT,http://purl.bioontology.org/ontology/SNOMEDCT/91470000,Axilla
T-D8200,ARM,SNOMED CT,http://purl.bioontology.org/ontology/SNOMEDCT/40983000,Upper arm
T-D8700,HAND,SNOMED CT,http://purl.bioontology.org/ontology/SNOMEDCT/85562004,Hand
T-D8800,FINGER,SNOMED CT,http://purl.bioontology.org/ontology/SNOMEDCT/7569003,Finger
T-D8810,THUMB,SNOMED CT,http://purl.bioontology.org/ontology/SNOMEDCT/76505004,Thumb
T-D9100,THIGH,SNOMED CT,http://purl.bioontology.org/ontology/SNOMEDCT/68367000,Thigh
T-D9200,KNEE,SNOMED CT,http://purl.bioontology.org/ontology/SNOMEDCT/72696002,Knee
T-D9400,LEG,SNOMED CT,http://purl.bioontology.org/ontology/SNOMEDCT/30021000,Lower leg
T-D9440,CALF,SNOMED CT,http://purl.bioontology.org/ontology/SNOMEDCT/53840002,Calf of leg
T-D9700,FOOT,SNOMED CT,http://purl.bioontology.org/ontology/SNOMEDCT/56459004,Foot
T-D9800,TOE,SNOMED CT,http://purl.bioontology.org/ontology/SNOMEDCT/29707007,Toe